Year,Percent Employment in Agriculture
1998,60.68718
1999,60.10669
2000,59.64473
2001,59.08598
2002,58.44382
2003,57.7151
2004,56.75876
2005,55.99824
2006,55.09983
2007,54.17196
2008,53.3906
2009,52.47509
2010,51.51537
2011,49.25777
2012,47.00424
2013,46.42778
2014,45.7835
2015,45.15931
2016,44.52136
2017,43.93962
2018,43.32882
2019,41.38738
2020,44.30447
